{"cameraMode":{"drawMode":0,"name":"Shaded","section":"Shading Mode"},"sceneLighting":true,"audioPlay":false,"sceneViewState":{"m_AlwaysRefresh":false,"showFog":true,"showSkybox":true,"showFlares":true,"showImageEffects":true,"showParticleSystems":true,"showVisualEffectGraphs":true,"m_FxEnabled":true},"in2DMode":false,"pivot":{"x":146.3793487548828,"y":482.7293701171875,"z":582.8787841796875},"rotation":{"x":-0.010499601252377034,"y":0.0062958961352705959,"z":0.00006610751006519422,"w":0.9999251961708069},"size":757.8313598632813,"orthographic":false}