{"cameraMode":{"drawMode":0,"name":"Shaded","section":"Shading Mode"},"sceneLighting":true,"audioPlay":false,"sceneViewState":{"m_AlwaysRefresh":false,"showFog":true,"showSkybox":true,"showFlares":true,"showImageEffects":true,"showParticleSystems":true,"showVisualEffectGraphs":true,"m_FxEnabled":true},"in2DMode":false,"pivot":{"x":34.124908447265628,"y":2.3392515182495119,"z":47.77643966674805},"rotation":{"x":0.06393088400363922,"y":-0.6746754050254822,"z":0.05884535610675812,"w":0.7329832911491394},"size":14.693778038024903,"orthographic":false}