{"cameraMode":{"drawMode":0,"name":"Shaded","section":"Shading Mode"},"sceneLighting":false,"audioPlay":false,"sceneViewState":{"m_AlwaysRefresh":false,"showFog":true,"showSkybox":false,"showFlares":true,"showImageEffects":true,"showParticleSystems":true,"showVisualEffectGraphs":true,"m_FxEnabled":true},"in2DMode":false,"pivot":{"x":-5.960464477539063e-7,"y":-2.384185791015625e-7,"z":0.4200020134449005},"rotation":{"x":0.21970754861831666,"y":0.29314127564430239,"z":-0.06941059231758118,"w":0.9278894662857056},"size":0.9174243807792664,"orthographic":false}